time,TP9,AF7,AF8,TP10
1691552229162,-41.9921875,-25.87890625,-43.45703125,-32.71484375
1691552229208.875,-41.9921875,-45.8984375,-35.15625,-40.52734375
1691552229255.75,-33.203125,-30.2734375,-35.15625,-29.78515625
1691552229302.625,-37.109375,-34.1796875,-25.87890625,-46.38671875
1691552229349.5,-39.0625,-25.87890625,-27.83203125,-28.3203125
1691552229396.375,-52.24609375,-36.1328125,-36.62109375,-41.9921875
1691552229443.25,-35.64453125,-28.3203125,-27.34375,-36.1328125
1691552229490.125,-44.43359375,-28.80859375,-34.1796875,-27.34375
1691552229537,-37.109375,-42.96875,-32.71484375,-41.015625
1691552229583.875,-41.9921875,-29.296875,-34.66796875,-49.31640625
1691552229630.75,-55.6640625,-30.2734375,-41.50390625,-45.8984375
1691552229677.625,-39.55078125,-19.53125,-24.90234375,-28.80859375
1691552229724.5,-41.50390625,-34.66796875,-22.94921875,-37.109375
1691552229771.375,-23.4375,-29.78515625,-26.3671875,-41.50390625
1691552229818.25,-35.15625,-31.73828125,-38.0859375,-41.015625
1691552229865.125,-29.78515625,-35.64453125,-21.97265625,-27.34375
1691552229912,-71.77734375,-35.15625,-12.6953125,-39.55078125
1691552229958.875,-33.203125,-35.64453125,-26.85546875,-35.15625
1691552230005.75,-27.34375,-39.0625,-31.25,-36.1328125
1691552230052.625,-52.734375,-25.390625,-31.73828125,-59.5703125
1691552230099.5,-54.19921875,-42.96875,-34.1796875,-40.0390625
1691552230146.375,-32.71484375,-49.31640625,-20.99609375,-14.6484375
1691552230193.25,-35.64453125,-30.2734375,-32.2265625,-41.50390625
1691552230240.125,-48.828125,-42.48046875,-27.34375,-38.57421875
1691552230287,-27.83203125,-29.78515625,-35.64453125,-43.45703125
1691552230333.875,-51.26953125,-34.66796875,-20.01953125,-43.45703125
1691552230380.75,-34.66796875,-39.0625,-31.73828125,-36.62109375
1691552230427.625,-42.48046875,-37.109375,-27.83203125,-39.0625
1691552230474.5,-40.52734375,-43.9453125,-35.15625,-33.203125
1691552230521.375,-48.33984375,-36.1328125,-24.4140625,-30.2734375
1691552230568.25,-34.66796875,-24.4140625,-29.296875,-35.64453125
1691552230615.125,-36.1328125,-37.59765625,-31.73828125,-38.57421875
1691552230662,-33.203125,-29.296875,-23.92578125,-27.83203125
1691552230708.875,-30.2734375,-22.94921875,-28.3203125,-29.296875
1691552230755.75,-36.1328125,-27.83203125,-36.1328125,-42.48046875
1691552230802.625,-36.1328125,-33.203125,-28.3203125,-36.62109375
1691552230849.5,-39.55078125,-21.97265625,-37.59765625,-35.64453125
1691552230896.375,-39.0625,-39.55078125,-32.71484375,-44.43359375
1691552230943.25,-33.203125,-24.4140625,-21.484375,-35.64453125
1691552230990.125,-48.828125,-28.80859375,-26.3671875,-31.25
1691552231037,-37.59765625,-37.109375,-34.66796875,-44.43359375
1691552231083.875,-46.38671875,-35.64453125,-29.296875,-35.15625
1691552231130.75,-39.0625,-43.9453125,-35.15625,-45.8984375
1691552231177.625,-39.0625,-37.109375,-25.87890625,-32.2265625
1691552231224.5,-36.62109375,-42.48046875,-26.3671875,-36.62109375
1691552231271.375,-33.203125,-46.875,-33.203125,-17.578125
1691552231318.25,-44.921875,-16.6015625,-26.3671875,-35.64453125
1691552231365.125,-44.921875,-38.0859375,-23.92578125,-32.71484375
1691552231412,-38.57421875,-32.71484375,-30.2734375,-33.203125
1691552231458.875,-49.31640625,-40.0390625,-26.85546875,-42.48046875
1691552231505.75,-31.25,-28.3203125,-26.3671875,-37.109375
1691552231552.625,-34.66796875,-34.1796875,-34.66796875,-36.1328125
1691552231599.5,-47.36328125,-30.76171875,-19.04296875,-31.73828125
1691552231646.375,-33.69140625,-18.06640625,-25.390625,-32.71484375
1691552231693.25,-38.57421875,-37.59765625,-30.76171875,-25.87890625
1691552231740.125,-26.3671875,-41.50390625,-34.66796875,-35.64453125
1691552231787,-43.9453125,-33.203125,-35.15625,-40.0390625
1691552231833.875,-33.69140625,-20.5078125,-27.83203125,-37.109375
1691552231880.75,-28.80859375,-22.4609375,-28.80859375,-34.1796875
1691552231927.625,-42.96875,-31.25,-21.484375,-31.73828125
1691552231974.5,-34.66796875,-34.66796875,-35.15625,-49.31640625
1691552232021.375,-46.38671875,-40.0390625,-29.78515625,-36.1328125
1691552232068.25,-30.76171875,-28.3203125,-25.390625,-37.59765625
1691552232115.125,-40.52734375,-28.80859375,-25.87890625,-29.296875
1691552232162,-30.76171875,-32.71484375,-23.4375,-33.203125
1691552232208.875,-47.8515625,-37.59765625,-30.2734375,-40.0390625
1691552232255.75,-34.1796875,-31.25,-15.13671875,-34.1796875
1691552232302.625,-43.9453125,-41.9921875,-27.83203125,-38.57421875
1691552232349.5,-20.01953125,-20.5078125,-18.5546875,-30.76171875
1691552232396.375,-29.296875,-37.109375,-22.4609375,-38.57421875
1691552232443.25,-35.15625,-17.578125,-23.92578125,-34.1796875
1691552232490.125,-46.38671875,-27.83203125,-37.59765625,-44.43359375
1691552232537,-38.57421875,-20.5078125,-16.6015625,-30.2734375
1691552232583.875,-33.203125,-37.59765625,-26.3671875,-29.78515625
1691552232630.75,-35.64453125,-27.34375,-26.3671875,-22.4609375
1691552232677.625,-34.1796875,-18.5546875,-47.8515625,-52.24609375
1691552232724.5,-42.96875,-20.99609375,-37.59765625,-32.71484375
1691552232771.375,-41.9921875,-27.83203125,-34.1796875,-42.96875
1691552232818.25,-51.7578125,-45.41015625,-32.2265625,-37.59765625
1691552232865.125,-28.3203125,-29.296875,-33.203125,-32.2265625
1691552232912,-37.59765625,-26.85546875,-24.90234375,-32.2265625
1691552232958.875,-49.31640625,-49.8046875,-30.2734375,-45.8984375
1691552233005.75,-32.2265625,-51.26953125,-35.15625,-22.94921875
1691552233052.625,-31.25,-29.78515625,-20.5078125,-31.73828125
1691552233099.5,-47.8515625,-32.2265625,-27.83203125,-32.2265625
1691552233146.375,-34.1796875,-32.71484375,-39.55078125,-49.31640625
1691552233193.25,-37.109375,-36.1328125,-26.85546875,-41.50390625
1691552233240.125,-40.52734375,-38.57421875,-37.59765625,-41.015625
1691552233287,-31.73828125,-46.38671875,-32.2265625,-38.0859375
1691552233333.875,-29.296875,-19.04296875,-27.83203125,-32.71484375
1691552233380.75,-42.48046875,-33.69140625,-29.78515625,-34.66796875
1691552233427.625,-35.15625,-34.66796875,-28.80859375,-43.45703125
1691552233474.5,-33.203125,-32.71484375,-37.109375,-38.57421875
1691552233521.375,-23.92578125,-36.62109375,-28.3203125,-30.2734375
1691552233568.25,-26.85546875,-35.64453125,-24.4140625,-38.57421875
1691552233615.125,-31.73828125,-47.36328125,-27.34375,-26.3671875
1691552233662,-33.203125,-37.59765625,-35.64453125,-34.1796875
1691552233708.875,-35.64453125,-41.50390625,-36.62109375,-50.29296875
1691552233755.75,-50.78125,-43.9453125,-34.66796875,-49.31640625
1691552233802.625,-32.2265625,-43.9453125,-41.9921875,-40.0390625
1691552233849.5,-45.41015625,-36.62109375,-40.0390625,-41.015625
1691552233896.375,-33.203125,-28.80859375,-36.62109375,-37.59765625
1691552233943.25,-37.59765625,-38.57421875,-31.73828125,-48.828125
1691552233990.125,-41.9921875,-28.80859375,-42.48046875,-54.19921875
1691552234037,-62.01171875,-31.73828125,-32.71484375,-55.17578125
1691552234083.875,-129.39453125,-14.6484375,-22.94921875,-148.4375
1691552234130.75,-136.71875,7.8125,-42.96875,-149.90234375
1691552234177.625,-28.3203125,-39.55078125,-56.15234375,-51.26953125
1691552234224.5,-7.8125,-69.82421875,-53.22265625,-1.953125
1691552234271.375,4.39453125,-46.38671875,-49.31640625,-0.48828125
1691552234318.25,-9.765625,-49.8046875,-44.921875,-19.04296875
1691552234365.125,-18.06640625,-41.015625,-37.59765625,-20.01953125
1691552234412,-34.66796875,-40.52734375,-46.38671875,-33.69140625
1691552234458.875,-30.2734375,-44.921875,-38.57421875,-40.0390625
1691552234505.75,-34.1796875,-46.38671875,-39.55078125,-41.015625
1691552234552.625,-29.296875,-51.26953125,-34.66796875,-30.76171875
1691552234599.5,-39.0625,-36.1328125,-29.296875,-35.15625
1691552234646.375,-34.66796875,-32.71484375,-36.1328125,-35.64453125
1691552234693.25,-29.78515625,-28.80859375,-31.25,-28.80859375
1691552234740.125,-35.15625,-37.59765625,-31.73828125,-38.57421875
1691552234787,-41.015625,-47.8515625,-26.85546875,-27.83203125
1691552234833.875,-26.3671875,-44.921875,-29.296875,-21.97265625
1691552234880.75,-36.1328125,-32.2265625,-35.15625,-40.0390625
1691552234927.625,-40.0390625,-49.8046875,-22.4609375,-25.87890625
1691552234974.5,-44.921875,-37.109375,-37.109375,-46.38671875
1691552235021.375,-33.203125,-21.97265625,-17.578125,-15.13671875
1691552235068.25,-40.52734375,-35.64453125,-31.25,-46.38671875
1691552235115.125,-57.6171875,-50.29296875,-30.2734375,-45.8984375
1691552235162,-39.0625,-35.15625,-24.90234375,-44.921875
1691552235208.875,-52.734375,-54.6875,-31.25,-41.015625
1691552235255.75,-36.62109375,-41.015625,-41.50390625,-38.0859375
1691552235302.625,-30.76171875,-35.64453125,-32.2265625,-37.109375
1691552235349.5,-36.1328125,-35.64453125,-23.92578125,-21.484375
1691552235396.375,-39.0625,-31.25,-18.5546875,-35.15625
1691552235443.25,-30.76171875,-27.83203125,-14.6484375,-16.11328125
1691552235490.125,-40.0390625,-48.33984375,-28.80859375,-60.05859375
1691552235537,-20.5078125,-20.5078125,-23.92578125,-41.015625
1691552235583.875,-35.64453125,-38.57421875,-27.34375,-27.83203125
1691552235630.75,-34.66796875,-49.8046875,-29.296875,-36.62109375
1691552235677.625,-25.87890625,-33.69140625,-13.671875,-25.390625
1691552235724.5,-40.52734375,-26.85546875,-35.15625,-29.296875
1691552235771.375,-51.26953125,-38.57421875,-31.73828125,-33.69140625
1691552235818.25,-39.55078125,-26.3671875,-29.296875,-37.109375
1691552235865.125,-39.0625,-28.3203125,-29.78515625,-33.203125
1691552235912,-48.33984375,-48.828125,-16.6015625,-26.85546875
1691552235958.875,-18.06640625,-23.92578125,-18.5546875,-19.53125
1691552236005.75,-34.1796875,-38.57421875,-24.90234375,-35.15625
1691552236052.625,-28.80859375,-24.90234375,-20.5078125,-30.76171875
1691552236099.5,-25.390625,-22.4609375,-21.484375,-39.0625
1691552236146.375,-39.0625,-36.62109375,-33.69140625,-37.59765625
1691552236193.25,-32.2265625,-26.85546875,-27.34375,-38.57421875
1691552236240.125,-43.9453125,-24.4140625,-28.80859375,-43.45703125
1691552236287,-38.0859375,-42.48046875,-31.73828125,-39.55078125
1691552236333.875,-32.71484375,-26.3671875,-28.3203125,-31.73828125
1691552236380.75,-32.71484375,-23.92578125,-32.2265625,-38.57421875
1691552236427.625,-37.59765625,-29.296875,-20.5078125,-28.3203125
1691552236474.5,-32.71484375,-40.52734375,-36.62109375,-29.78515625
1691552236521.375,-32.71484375,-31.25,-27.34375,-36.1328125
1691552236568.25,-33.69140625,-29.78515625,-24.4140625,-37.109375
1691552236615.125,-28.80859375,-33.203125,-25.87890625,-23.92578125
1691552236662,-27.34375,-23.4375,-25.87890625,-43.45703125
1691552236708.875,-47.36328125,-30.76171875,-17.578125,-33.203125
1691552236755.75,-71.77734375,-36.62109375,-0.9765625,-33.203125
1691552236802.625,-27.83203125,-24.90234375,-4.39453125,-0.9765625
1691552236849.5,-32.2265625,-23.92578125,-19.04296875,-12.6953125
1691552236896.375,-41.50390625,-44.43359375,-24.4140625,-20.99609375
1691552236943.25,-33.69140625,-30.2734375,-23.4375,-25.390625
1691552236990.125,-40.0390625,-46.38671875,-27.34375,-29.296875
1691552237037,-36.62109375,-36.62109375,-43.45703125,-43.45703125
1691552237083.875,-54.19921875,-40.52734375,-30.76171875,-56.640625
1691552237130.75,-42.48046875,-18.5546875,-36.62109375,-34.66796875
1691552237177.625,-41.015625,-20.5078125,-37.59765625,-34.1796875
1691552237224.5,-34.66796875,-25.87890625,-36.1328125,-27.83203125
1691552237271.375,-42.48046875,-24.4140625,-31.25,-27.83203125
1691552237318.25,-44.43359375,-41.50390625,-35.15625,-39.0625
1691552237365.125,-51.26953125,-35.15625,-37.109375,-54.6875
1691552237412,-41.9921875,-34.1796875,-34.66796875,-40.0390625
1691552237458.875,-46.38671875,-30.2734375,-30.2734375,-28.80859375
1691552237505.75,-58.10546875,-40.0390625,-49.8046875,-48.828125
1691552237552.625,-51.7578125,-36.1328125,-40.52734375,-53.22265625
1691552237599.5,-43.45703125,-36.1328125,-32.71484375,-33.203125
1691552237646.375,-50.29296875,-42.48046875,-35.15625,-38.0859375
1691552237693.25,-45.8984375,-41.50390625,-38.57421875,-32.71484375
1691552237740.125,-32.71484375,-30.76171875,-34.1796875,-32.71484375
1691552237787,-42.96875,-37.59765625,-35.64453125,-38.0859375
1691552237833.875,-44.921875,-32.2265625,-29.296875,-31.73828125
1691552237880.75,-48.33984375,-46.38671875,-24.90234375,-27.34375
1691552237927.625,-47.8515625,-39.55078125,-38.57421875,-47.8515625
1691552237974.5,-34.1796875,-33.203125,-33.69140625,-29.296875
1691552238021.375,-29.78515625,-46.38671875,-39.55078125,-37.59765625
1691552238068.25,-24.4140625,-17.578125,-22.94921875,-28.80859375
1691552238115.125,-16.11328125,-36.62109375,-30.76171875,-18.5546875
1691552238162,-26.85546875,-34.1796875,-50.78125,-43.9453125
1691552238208.875,-29.296875,-46.38671875,-30.2734375,-22.94921875
1691552238255.75,-28.3203125,-42.48046875,-27.34375,-12.6953125
1691552238302.625,-31.25,-37.59765625,-26.85546875,-25.87890625
1691552238349.5,-51.26953125,-38.0859375,-34.66796875,-47.36328125
1691552238396.375,-21.484375,-14.6484375,-31.25,-20.99609375
1691552238443.25,-20.99609375,-34.1796875,-35.64453125,-19.04296875
1691552238490.125,-32.2265625,-37.109375,-16.6015625,-23.4375
1691552238537,-31.73828125,-31.25,-29.78515625,-33.69140625
1691552238583.875,-22.4609375,-37.109375,-21.97265625,-17.578125
1691552238630.75,-12.6953125,-25.87890625,-21.484375,-9.27734375
1691552238677.625,-33.203125,-49.8046875,-26.3671875,-27.83203125
1691552238724.5,-14.16015625,-8.7890625,-16.11328125,-17.578125
1691552238771.375,-35.15625,-38.0859375,-24.4140625,-22.4609375
1691552238818.25,-26.3671875,-33.203125,-24.4140625,-29.78515625
1691552238865.125,-36.62109375,-20.5078125,-23.92578125,-42.96875
1691552238912,-32.71484375,-31.25,-20.5078125,-17.578125
1691552238958.875,-28.80859375,-28.80859375,-20.01953125,-36.1328125
1691552239005.75,-110.3515625,2.44140625,-10.25390625,-139.16015625
1691552239052.625,-80.56640625,-37.109375,-39.55078125,-90.8203125
1691552239099.5,-16.11328125,-61.03515625,-34.66796875,-12.20703125
1691552239146.375,-20.5078125,-52.24609375,-43.9453125,-8.7890625
1691552239193.25,-31.25,-28.80859375,-35.15625,-17.08984375
1691552239240.125,-24.90234375,-42.96875,-35.15625,-17.08984375
1691552239287,-25.87890625,-33.203125,-18.06640625,-26.85546875
1691552239333.875,-38.0859375,-34.1796875,-27.83203125,-20.01953125
1691552239380.75,-38.0859375,-41.9921875,-33.69140625,-36.62109375
1691552239427.625,-35.15625,-39.55078125,-27.83203125,-43.45703125
1691552239474.5,-33.203125,-21.97265625,-29.296875,-42.96875
1691552239521.375,-40.52734375,-40.52734375,-23.92578125,-29.296875
1691552239568.25,-27.83203125,-29.296875,-33.203125,-41.9921875
1691552239615.125,-35.64453125,-32.71484375,-32.71484375,-38.57421875
1691552239662,-26.3671875,-28.80859375,-21.97265625,-24.90234375
1691552239708.875,-39.55078125,-41.50390625,-30.76171875,-36.1328125
1691552239755.75,-10.25390625,-19.53125,-11.23046875,-16.11328125
1691552239802.625,-36.62109375,-24.4140625,-20.99609375,-22.94921875
1691552239849.5,-26.3671875,-26.3671875,-17.08984375,-20.99609375
1691552239896.375,-33.69140625,-25.390625,-27.83203125,-39.55078125
1691552239943.25,-28.3203125,-33.69140625,-37.109375,-30.2734375
1691552239990.125,-53.22265625,-41.50390625,-31.73828125,-34.1796875
1691552240037,-35.15625,-41.015625,-25.87890625,-26.3671875
1691552240083.875,-36.1328125,-35.64453125,-24.4140625,-20.01953125
1691552240130.75,-37.109375,-35.15625,-39.0625,-42.96875
1691552240177.625,-25.87890625,-21.484375,-29.296875,-41.9921875
1691552240224.5,-25.390625,-18.06640625,-31.25,-22.4609375
1691552240271.375,-46.38671875,-35.64453125,-32.2265625,-39.55078125
1691552240318.25,-40.0390625,-49.8046875,-37.109375,-23.92578125
1691552240365.125,-42.96875,-33.203125,-28.3203125,-38.0859375
1691552240412,-59.08203125,-37.109375,-42.96875,-43.45703125
1691552240458.875,-28.3203125,-36.1328125,-34.1796875,-39.0625
1691552240505.75,-83.49609375,-28.3203125,-53.22265625,-99.609375
1691552240552.625,-132.32421875,-15.13671875,-41.9921875,-158.69140625
1691552240599.5,-72.75390625,-29.296875,-62.98828125,-78.61328125
1691552240646.375,-9.27734375,-63.4765625,-57.12890625,-2.44140625
1691552240693.25,-8.30078125,-48.828125,-51.26953125,-6.8359375
1691552240740.125,-13.671875,-56.640625,-46.38671875,-8.30078125
1691552240787,-28.3203125,-41.015625,-35.15625,-26.85546875
1691552240833.875,-39.55078125,-32.71484375,-28.3203125,-31.73828125
1691552240880.75,-26.85546875,-37.59765625,-27.83203125,-17.578125
1691552240927.625,-29.296875,-47.8515625,-29.78515625,-27.83203125
1691552240974.5,-40.52734375,-49.8046875,-42.96875,-39.0625
1691552241021.375,-41.50390625,-38.57421875,-29.296875,-28.3203125
1691552241068.25,-22.94921875,-24.4140625,-30.2734375,-23.92578125
1691552241115.125,-39.55078125,-34.66796875,-36.62109375,-43.9453125
1691552241162,-39.55078125,-27.83203125,-37.59765625,-55.17578125
1691552241208.875,-37.59765625,-40.0390625,-35.15625,-56.15234375
1691552241255.75,-38.0859375,-47.8515625,-28.80859375,-38.57421875
1691552241302.625,-44.43359375,-41.50390625,-26.85546875,-35.64453125
1691552241349.5,-34.66796875,-38.57421875,-34.1796875,-38.57421875
1691552241396.375,-50.29296875,-25.390625,-37.109375,-54.6875
1691552241443.25,-37.109375,-34.66796875,-29.296875,-36.62109375
1691552241490.125,-34.1796875,-41.50390625,-31.25,-39.0625
1691552241537,-45.41015625,-51.7578125,-36.62109375,-37.109375
1691552241583.875,-24.90234375,-41.015625,-33.69140625,-19.04296875
1691552241630.75,-16.6015625,-33.203125,-27.34375,-32.2265625
1691552241677.625,-37.109375,-49.8046875,-39.0625,-32.71484375
1691552241724.5,-27.34375,-45.8984375,-32.71484375,-26.3671875
1691552241771.375,-38.0859375,-30.2734375,-25.390625,-39.55078125
1691552241818.25,-35.64453125,-39.55078125,-22.4609375,-29.296875
1691552241865.125,-45.41015625,-48.828125,-18.5546875,-14.6484375
1691552241912,-37.59765625,-40.52734375,-24.4140625,-28.80859375
1691552241958.875,-24.90234375,-23.92578125,-28.3203125,-36.1328125
1691552242005.75,-32.2265625,-34.1796875,-30.2734375,-44.43359375
1691552242052.625,-48.33984375,-24.4140625,-33.69140625,-58.10546875
1691552242099.5,-25.390625,-28.80859375,-18.5546875,-4.8828125
1691552242146.375,-26.85546875,-29.78515625,-10.7421875,-21.484375
1691552242193.25,-33.69140625,-38.57421875,-19.04296875,-21.484375
1691552242240.125,-30.2734375,-30.2734375,-30.76171875,-30.2734375
1691552242287,-30.76171875,-35.64453125,-27.34375,-26.85546875
1691552242333.875,-41.50390625,-38.0859375,-29.78515625,-44.43359375
1691552242380.75,-22.94921875,-35.64453125,-26.3671875,-39.0625
1691552242427.625,-29.78515625,-26.85546875,-29.296875,-35.64453125
1691552242474.5,-35.15625,-29.296875,-36.62109375,-33.203125
1691552242521.375,-37.109375,-30.76171875,-39.0625,-42.48046875
1691552242568.25,-49.8046875,-41.50390625,-28.3203125,-48.33984375
1691552242615.125,-36.1328125,-42.48046875,-30.76171875,-54.19921875
1691552242662,-42.96875,-36.1328125,-18.5546875,-46.875
1691552242708.875,-45.41015625,-30.76171875,-24.90234375,-67.3828125
1691552242755.75,-37.109375,-39.55078125,-34.66796875,-57.6171875
1691552242802.625,-41.50390625,-36.62109375,-25.390625,-41.50390625
1691552242849.5,-39.0625,-35.64453125,-37.109375,-43.9453125
1691552242896.375,-50.78125,-34.1796875,-38.57421875,-61.03515625
1691552242943.25,-31.73828125,-23.92578125,-22.94921875,-25.87890625
1691552242990.125,-29.296875,-39.0625,-22.94921875,-16.11328125
1691552243037,-38.57421875,-28.3203125,-32.2265625,-33.69140625
1691552243083.875,-60.546875,-37.59765625,-23.92578125,-37.59765625
1691552243130.75,-27.83203125,-28.80859375,-24.4140625,-28.80859375
1691552243177.625,-34.1796875,-32.71484375,-26.85546875,-31.73828125
1691552243224.5,-29.78515625,-22.4609375,-36.62109375,-27.34375
1691552243271.375,-41.50390625,-40.0390625,-26.85546875,-21.97265625
1691552243318.25,-28.3203125,-30.76171875,-36.1328125,-43.45703125
1691552243365.125,-42.48046875,-34.1796875,-30.2734375,-29.78515625
1691552243412,-39.0625,-25.390625,-32.2265625,-34.1796875
1691552243458.875,-20.99609375,-37.109375,-25.87890625,-23.92578125
1691552243505.75,-27.34375,-32.2265625,-26.3671875,-28.3203125
1691552243552.625,-45.8984375,-50.29296875,-25.390625,-31.73828125
1691552243599.5,-30.76171875,-31.25,-26.3671875,-39.55078125
1691552243646.375,-45.8984375,-39.55078125,-26.3671875,-45.8984375
1691552243693.25,-30.76171875,-41.50390625,-31.25,-30.2734375
1691552243740.125,-36.62109375,-38.57421875,-29.296875,-36.62109375
1691552243787,-19.04296875,-34.1796875,-23.4375,-30.2734375
1691552243833.875,-32.71484375,-29.78515625,-18.06640625,-44.921875
1691552243880.75,-39.0625,-29.78515625,-27.34375,-45.41015625
1691552243927.625,-17.578125,-41.50390625,-24.90234375,-5.859375
1691552243974.5,-34.1796875,-40.0390625,-36.1328125,-33.203125
1691552244021.375,-19.04296875,-39.55078125,-27.34375,-21.97265625
1691552244068.25,-21.484375,-12.20703125,-19.04296875,-31.25
1691552244115.125,-30.2734375,-21.97265625,-31.73828125,-39.0625
1691552244162,-44.921875,-47.36328125,-26.85546875,-20.01953125
1691552244208.875,-24.90234375,-41.9921875,-24.90234375,-23.92578125
1691552244255.75,-27.34375,-34.66796875,-34.1796875,-24.4140625
1691552244302.625,-33.203125,-43.45703125,-24.90234375,-45.8984375
1691552244349.5,-36.62109375,-22.94921875,-37.109375,-46.38671875
1691552244396.375,-34.66796875,-38.57421875,-21.97265625,-35.64453125
1691552244443.25,-42.96875,-37.109375,-31.25,-36.1328125
1691552244490.125,-34.1796875,-33.203125,-31.73828125,-41.50390625
1691552244537,-15.625,-16.11328125,-35.15625,-44.921875
1691552244583.875,-52.734375,-29.78515625,-35.64453125,-36.62109375
1691552244630.75,-50.29296875,-12.6953125,-32.71484375,-60.546875
1691552244677.625,-40.52734375,-20.5078125,-42.48046875,-55.6640625
1691552244724.5,-29.296875,-23.92578125,-45.8984375,-40.52734375
1691552244771.375,-36.1328125,-29.296875,-35.64453125,-45.41015625
1691552244818.25,-24.90234375,-28.3203125,-48.828125,-40.52734375
1691552244865.125,-64.453125,-40.0390625,-34.66796875,-55.17578125
1691552244912,-26.85546875,-41.50390625,-31.73828125,-39.55078125
1691552244958.875,-49.31640625,-36.1328125,-23.92578125,-22.4609375
1691552245005.75,-41.50390625,-41.9921875,-41.50390625,-45.41015625
1691552245052.625,-42.96875,-29.78515625,-36.62109375,-37.109375
1691552245099.5,-54.6875,-37.109375,-23.92578125,-24.90234375
1691552245146.375,-28.3203125,-28.3203125,-26.3671875,-39.0625
1691552245193.25,-33.69140625,-23.92578125,-28.80859375,-33.203125
1691552245240.125,-42.96875,-46.38671875,-25.390625,-34.1796875
1691552245287,-64.94140625,-35.64453125,-28.3203125,-44.921875
1691552245333.875,-45.41015625,-38.0859375,-43.45703125,-54.6875
1691552245380.75,-49.8046875,-41.50390625,-24.4140625,-49.8046875
1691552245427.625,-21.97265625,-29.296875,-24.4140625,-31.25
1691552245474.5,-36.62109375,-44.43359375,-35.15625,-40.52734375
1691552245521.375,-33.69140625,-47.36328125,-22.4609375,-34.1796875
1691552245568.25,-27.34375,-35.64453125,-33.69140625,-39.0625
1691552245615.125,-41.50390625,-52.24609375,-29.296875,-32.2265625
1691552245662,-36.1328125,-37.59765625,-29.78515625,-37.59765625
1691552245708.875,-32.71484375,-40.0390625,-16.6015625,-32.71484375
1691552245755.75,-29.78515625,-34.66796875,-36.62109375,-32.2265625
1691552245802.625,-33.69140625,-43.9453125,-23.4375,-23.92578125
1691552245849.5,-41.9921875,-37.109375,-32.2265625,-44.921875
1691552245896.375,-36.62109375,-30.76171875,-21.97265625,-30.76171875
1691552245943.25,-24.4140625,-26.85546875,-24.4140625,-26.85546875
1691552245990.125,-37.109375,-31.25,-30.76171875,-25.87890625
1691552246037,-12.20703125,-19.04296875,-25.87890625,-24.4140625
1691552246083.875,-42.48046875,-40.0390625,-22.94921875,-29.78515625
1691552246130.75,-29.78515625,-36.1328125,-30.76171875,-26.3671875
1691552246177.625,-41.015625,-42.96875,-23.92578125,-28.80859375
1691552246224.5,-40.0390625,-34.1796875,-29.296875,-40.0390625
1691552246271.375,-32.71484375,-34.66796875,-32.2265625,-48.33984375
1691552246318.25,-30.76171875,-17.08984375,-29.78515625,-28.3203125
1691552246365.125,-15.625,-23.92578125,-31.25,-24.90234375
1691552246412,-37.109375,-11.71875,-21.97265625,-22.94921875
1691552246458.875,-19.53125,-39.0625,-27.34375,-31.25
1691552246505.75,-20.5078125,-23.4375,-37.109375,-35.15625
1691552246552.625,-28.3203125,-43.45703125,-33.203125,-25.87890625
1691552246599.5,-38.57421875,-30.2734375,-32.71484375,-44.43359375
1691552246646.375,-39.0625,-36.1328125,-43.45703125,-36.62109375
1691552246693.25,-38.0859375,-40.52734375,-40.52734375,-44.43359375
1691552246740.125,-35.15625,-36.62109375,-34.1796875,-37.59765625
1691552246787,-42.48046875,-36.62109375,-50.29296875,-46.38671875
1691552246833.875,-46.38671875,-46.875,-38.57421875,-42.48046875
1691552246880.75,-50.29296875,-41.50390625,-36.1328125,-37.109375
1691552246927.625,-41.9921875,-38.57421875,-39.0625,-35.15625
1691552246974.5,-47.36328125,-41.015625,-36.62109375,-44.43359375
1691552247021.375,-38.57421875,-46.875,-47.36328125,-49.31640625
1691552247068.25,-50.29296875,-44.43359375,-41.9921875,-43.9453125
1691552247115.125,-44.43359375,-24.4140625,-36.62109375,-34.66796875
1691552247162,-35.15625,-33.69140625,-42.96875,-34.1796875
1691552247208.875,-43.45703125,-38.0859375,-43.45703125,-42.48046875
1691552247255.75,-25.87890625,-39.0625,-41.9921875,-19.04296875
1691552247302.625,-24.90234375,-37.109375,-31.25,-69.3359375
1691552247349.5,-46.38671875,-54.6875,-43.45703125,-71.77734375
1691552247396.375,-42.96875,-27.83203125,-37.109375,-48.828125
1691552247443.25,-32.2265625,-37.109375,-33.203125,-43.45703125
1691552247490.125,-34.66796875,-30.2734375,-29.296875,-30.76171875
1691552247537,-37.59765625,-32.71484375,-31.25,-30.76171875
1691552247583.875,-47.8515625,-39.55078125,-29.78515625,-23.92578125
1691552247630.75,-57.12890625,-36.62109375,-25.390625,-52.24609375
1691552247677.625,-86.9140625,-15.625,-11.23046875,-92.7734375
1691552247724.5,-66.40625,-36.62109375,-24.90234375,-65.91796875
1691552247771.375,-21.97265625,-59.08203125,-24.90234375,-0.9765625
1691552247818.25,-5.859375,-37.109375,-16.11328125,10.7421875
1691552247865.125,-14.6484375,-33.203125,-21.484375,-6.8359375
1691552247912,-31.73828125,-25.87890625,-24.4140625,-18.06640625
1691552247958.875,-42.96875,-32.71484375,-30.2734375,-30.2734375
1691552248005.75,-39.0625,-35.15625,-17.08984375,-24.90234375
1691552248052.625,-79.1015625,-35.15625,-25.87890625,-33.203125
1691552248099.5,-58.59375,-20.5078125,-27.34375,-28.80859375
1691552248146.375,-70.3125,-33.69140625,-34.1796875,-41.9921875
1691552248193.25,-34.66796875,-11.23046875,-36.62109375,-46.875
1691552248240.125,-45.41015625,-31.25,-27.34375,-52.734375
1691552248287,-49.8046875,-37.59765625,-32.2265625,-45.41015625
1691552248333.875,-49.31640625,-20.01953125,-23.4375,-25.87890625
1691552248380.75,-21.97265625,-15.625,-28.80859375,-41.015625
1691552248427.625,-27.83203125,-15.13671875,-25.87890625,-21.484375
1691552248474.5,-21.97265625,-26.3671875,-33.203125,-29.78515625
1691552248521.375,-41.9921875,-33.69140625,-22.4609375,-43.9453125
1691552248568.25,-17.08984375,-20.99609375,-25.87890625,-36.1328125
1691552248615.125,-36.1328125,-23.4375,-42.48046875,-56.640625
1691552248662,-15.13671875,-31.73828125,-38.0859375,-37.109375
1691552248708.875,-20.01953125,-35.15625,-40.52734375,-41.015625
1691552248755.75,11.71875,-28.3203125,-32.2265625,-24.4140625
1691552248802.625,19.04296875,-16.6015625,-41.50390625,-33.69140625
1691552248849.5,-18.06640625,-34.66796875,-41.9921875,-38.0859375
1691552248896.375,-23.92578125,-38.57421875,-36.1328125,-35.64453125
1691552248943.25,-30.76171875,-47.8515625,-39.0625,-32.2265625
1691552248990.125,-19.53125,-27.34375,-30.76171875,-39.0625
1691552249037,-16.6015625,-27.83203125,-30.76171875,-27.34375
1691552249083.875,-41.015625,-48.828125,-31.25,-42.48046875
1691552249130.75,-40.0390625,-45.41015625,-36.1328125,-30.2734375
1691552249177.625,-42.48046875,-31.73828125,-40.0390625,-45.41015625
1691552249224.5,-45.41015625,-33.203125,-37.59765625,-32.71484375
1691552249271.375,-39.55078125,-41.015625,-36.62109375,-46.38671875
1691552249318.25,-43.45703125,-36.62109375,-27.34375,-44.921875
1691552249365.125,-41.50390625,-27.34375,-34.66796875,-60.546875
1691552249412,-35.64453125,-34.1796875,-33.203125,-41.50390625
1691552249458.875,-35.15625,-40.52734375,-31.73828125,-41.50390625
1691552249505.75,-32.2265625,-37.59765625,-32.2265625,-46.38671875
1691552249552.625,-36.1328125,-41.9921875,-40.52734375,-38.0859375
1691552249599.5,-25.390625,-25.390625,-42.96875,-42.48046875
1691552249646.375,-27.34375,-44.43359375,-30.76171875,-39.55078125
1691552249693.25,-59.08203125,-42.48046875,-23.92578125,-26.3671875
1691552249740.125,-26.3671875,-18.06640625,-19.04296875,-30.76171875
1691552249787,-48.33984375,-42.48046875,-25.87890625,-26.3671875
1691552249833.875,-23.4375,-15.625,-15.625,-25.390625
1691552249880.75,-41.015625,-31.73828125,-16.11328125,-41.015625
1691552249927.625,-19.04296875,-40.52734375,-20.5078125,-21.484375
1691552249974.5,-29.78515625,-40.0390625,-28.80859375,-34.66796875
1691552250021.375,-37.109375,-42.96875,-20.5078125,-26.3671875
1691552250068.25,-27.83203125,-17.08984375,-25.87890625,-41.015625
1691552250115.125,-35.64453125,-32.2265625,-31.73828125,-27.34375
1691552250162,-35.64453125,-30.76171875,-26.85546875,-23.4375
1691552250208.875,-47.8515625,-42.48046875,-25.390625,-25.87890625
1691552250255.75,-36.62109375,-32.71484375,-32.71484375,-25.390625
1691552250302.625,-31.73828125,-27.34375,-26.3671875,-16.6015625
1691552250349.5,-41.50390625,-43.45703125,-35.15625,-37.59765625
1691552250396.375,-44.43359375,-41.015625,-25.390625,-35.15625
1691552250443.25,-49.31640625,-23.4375,-37.59765625,-37.59765625
1691552250490.125,-37.59765625,-26.85546875,-34.1796875,-37.109375
1691552250537,-38.57421875,-41.9921875,-31.73828125,-32.2265625
1691552250583.875,-33.69140625,-21.484375,-19.53125,-27.83203125
1691552250630.75,-39.0625,-23.92578125,-24.90234375,-32.71484375
1691552250677.625,-41.015625,-30.76171875,-28.80859375,-33.69140625
1691552250724.5,-42.48046875,-30.76171875,-30.76171875,-29.78515625
1691552250771.375,-40.52734375,-24.4140625,-27.83203125,-34.66796875
1691552250818.25,-45.41015625,-52.24609375,-41.9921875,-42.96875
1691552250865.125,-34.1796875,-36.62109375,-22.94921875,-41.9921875
1691552250912,-11.71875,-34.1796875,-27.83203125,-51.7578125
1691552250958.875,-41.9921875,-28.80859375,-23.4375,-80.078125
1691552251005.75,-29.78515625,-40.52734375,-17.578125,-70.3125
1691552251052.625,-52.24609375,-29.296875,-16.6015625,-119.62890625
1691552251099.5,-83.984375,-29.296875,-9.27734375,-129.8828125
1691552251146.375,-109.375,-26.85546875,-8.7890625,-154.78515625
1691552251193.25,-49.31640625,-30.2734375,-11.23046875,-132.8125
1691552251240.125,-62.01171875,-53.22265625,-26.3671875,-110.3515625
1691552251287,-91.796875,-84.9609375,-62.01171875,-91.796875
1691552251333.875,-100.5859375,-72.75390625,-69.3359375,-64.94140625
1691552251380.75,-51.7578125,-66.40625,-70.80078125,-72.75390625
1691552251427.625,-91.796875,-109.375,-93.75,-107.421875
1691552251474.5,-97.65625,-101.5625,-96.19140625,-106.93359375
1691552251521.375,-67.3828125,-79.58984375,-90.8203125,-97.65625
1691552251568.25,-75.1953125,-92.7734375,-75.68359375,-85.44921875
1691552251615.125,-63.96484375,-63.96484375,-63.96484375,-46.875
1691552251662,-70.3125,-68.359375,-65.4296875,-77.1484375
1691552251708.875,-62.5,-62.01171875,-76.66015625,-80.56640625
1691552251755.75,-73.73046875,-56.640625,-60.05859375,-94.7265625
1691552251802.625,-73.2421875,-61.03515625,-72.75390625,-86.42578125
1691552251849.5,-98.14453125,-61.5234375,-62.5,-109.86328125
1691552251896.375,-17.08984375,-60.546875,-43.9453125,-104.98046875
1691552251943.25,-56.640625,-57.6171875,-43.45703125,-118.1640625
1691552251990.125,-23.92578125,-35.15625,-25.87890625,-80.078125
1691552252037,-38.57421875,-23.4375,-8.7890625,-57.12890625
1691552252083.875,-17.578125,5.859375,4.8828125,-32.71484375
1691552252130.75,6.34765625,29.78515625,37.59765625,29.296875
1691552252177.625,8.30078125,12.6953125,14.16015625,48.828125
1691552252224.5,-6.34765625,-0.9765625,-2.44140625,37.59765625
1691552252271.375,3.41796875,-7.8125,-7.8125,26.3671875
1691552252318.25,-5.859375,-5.859375,-23.92578125,15.13671875
1691552252365.125,-5.859375,-16.6015625,-16.6015625,6.34765625
1691552252412,-32.2265625,-12.20703125,-30.2734375,-50.29296875
1691552252458.875,-12.6953125,-3.90625,-29.78515625,-22.4609375
1691552252505.75,-36.1328125,-35.64453125,-35.64453125,-40.0390625
1691552252552.625,-26.3671875,-20.01953125,-23.4375,-8.7890625
1691552252599.5,-19.04296875,-33.203125,-33.69140625,-21.484375
1691552252646.375,-12.20703125,-27.34375,-21.484375,-10.25390625
1691552252693.25,-35.64453125,-19.04296875,-32.2265625,-34.1796875
1691552252740.125,-34.1796875,-44.921875,-36.62109375,-31.73828125
1691552252787,-32.2265625,-23.92578125,-26.3671875,-44.921875
1691552252833.875,-46.875,-31.73828125,-31.25,-32.71484375
1691552252880.75,-68.84765625,-22.94921875,-24.90234375,-62.5
1691552252927.625,-53.7109375,-26.85546875,-42.96875,-41.9921875
1691552252974.5,-40.52734375,-28.80859375,-57.6171875,11.71875
1691552253021.375,-40.0390625,-0.48828125,-38.57421875,59.08203125
1691552253068.25,-28.3203125,-17.578125,-33.69140625,36.62109375
1691552253115.125,-18.06640625,7.32421875,-55.6640625,21.97265625
1691552253162,-23.92578125,-31.73828125,-70.3125,-42.96875
1691552253208.875,-57.6171875,-87.40234375,-80.078125,-51.7578125
1691552253255.75,-64.453125,-57.12890625,-63.4765625,-55.6640625
1691552253302.625,-135.7421875,-143.06640625,-165.52734375,-153.80859375
1691552253349.5,-197.265625,-194.3359375,-175.29296875,-209.47265625
1691552253396.375,-128.90625,-131.34765625,-122.0703125,-155.2734375
1691552253443.25,-141.6015625,-153.80859375,-139.6484375,-140.625
1691552253490.125,-156.73828125,-174.8046875,-118.1640625,-130.859375
1691552253537,-92.28515625,-130.37109375,-95.21484375,-83.0078125
1691552253583.875,-97.16796875,-122.0703125,-106.4453125,-94.23828125
1691552253630.75,-107.421875,-145.5078125,-111.328125,-89.35546875
1691552253677.625,-107.91015625,-126.46484375,-105.46875,-75.1953125
1691552253724.5,-92.28515625,-119.140625,-75.68359375,-52.734375
1691552253771.375,-80.078125,-97.65625,-77.63671875,-62.98828125
1691552253818.25,-98.6328125,-85.9375,-85.44921875,-76.171875
1691552253865.125,-87.890625,-90.8203125,-75.1953125,-83.49609375
1691552253912,-40.52734375,-70.80078125,-72.265625,-35.64453125
1691552253958.875,-30.76171875,-44.43359375,-57.12890625,-42.48046875
1691552254005.75,-34.1796875,-56.640625,-51.26953125,-59.08203125
1691552254052.625,-6.34765625,-16.11328125,-22.94921875,-24.90234375
1691552254099.5,-46.875,-16.6015625,-11.71875,-40.52734375
1691552254146.375,-28.80859375,-18.5546875,-6.8359375,-17.08984375
1691552254193.25,23.92578125,11.23046875,6.8359375,12.6953125
1691552254240.125,17.578125,14.6484375,13.18359375,20.99609375
1691552254287,21.97265625,31.73828125,37.109375,22.94921875
1691552254333.875,12.20703125,36.1328125,26.85546875,30.76171875
1691552254380.75,8.7890625,33.69140625,-1.46484375,18.06640625
1691552254427.625,3.90625,-2.9296875,0.48828125,19.53125
1691552254474.5,20.99609375,8.7890625,9.765625,35.15625
1691552254521.375,-14.6484375,6.8359375,-10.25390625,-13.18359375
1691552254568.25,0.48828125,9.27734375,-16.11328125,2.44140625
1691552254615.125,-20.99609375,-36.62109375,-12.6953125,-16.6015625
1691552254662,-19.53125,-14.6484375,-22.94921875,-3.90625
1691552254708.875,-21.97265625,-19.53125,-10.25390625,10.25390625
1691552254755.75,-22.4609375,-20.01953125,-16.6015625,-3.90625
1691552254802.625,-12.6953125,-23.92578125,-26.85546875,-19.53125
1691552254849.5,-19.53125,-14.16015625,-18.06640625,-7.8125
1691552254896.375,-19.04296875,-20.5078125,-15.13671875,-8.30078125
1691552254943.25,-17.08984375,-22.4609375,-18.5546875,-17.08984375
1691552254990.125,-20.5078125,-21.484375,-10.7421875,-10.7421875
1691552255037,-25.390625,-19.53125,-14.16015625,-29.78515625
1691552255083.875,6.8359375,-1.46484375,-23.92578125,-6.34765625
1691552255130.75,-21.484375,-31.73828125,4.39453125,3.90625
1691552255177.625,-20.99609375,-6.34765625,-6.34765625,-10.25390625
1691552255224.5,-32.2265625,-46.38671875,-15.13671875,-34.1796875
1691552255271.375,-5.37109375,-16.6015625,14.16015625,-20.99609375
1691552255318.25,-262.6953125,302.24609375,-81.0546875,-149.90234375
1691552255365.125,-166.50390625,310.546875,-49.8046875,-73.73046875
1691552255412,-17.08984375,27.83203125,-30.2734375,-3.41796875
1691552255458.875,58.10546875,-108.88671875,-11.71875,37.109375
1691552255505.75,44.43359375,-98.6328125,-5.859375,16.6015625
1691552255552.625,63.4765625,-59.08203125,-7.8125,-4.39453125
1691552255599.5,27.83203125,-39.55078125,-20.99609375,-12.6953125
1691552255646.375,11.71875,-36.62109375,-21.484375,-9.765625
1691552255693.25,-5.859375,-41.50390625,-13.18359375,-10.7421875
1691552255740.125,-19.04296875,-57.12890625,-24.4140625,-24.90234375
1691552255787,-19.53125,-20.99609375,-16.6015625,-26.85546875
1691552255833.875,-15.13671875,-7.32421875,-27.34375,-26.3671875
1691552255880.75,-34.1796875,-23.4375,-40.0390625,-46.875
1691552255927.625,-26.3671875,-30.76171875,-26.3671875,-23.92578125
1691552255974.5,-38.0859375,-40.0390625,-31.73828125,-35.64453125
1691552256021.375,-20.5078125,-34.1796875,-20.99609375,-39.0625
1691552256068.25,-57.12890625,-14.6484375,-25.87890625,-34.66796875
1691552256115.125,-167.96875,52.24609375,-10.7421875,-183.59375
1691552256162,-115.72265625,-20.99609375,-35.64453125,-98.6328125
1691552256208.875,9.765625,-49.31640625,-34.1796875,4.8828125
1691552256255.75,21.97265625,-40.52734375,-23.92578125,42.48046875
1691552256302.625,27.83203125,-56.15234375,-27.34375,24.4140625
1691552256349.5,-5.37109375,-41.9921875,-27.83203125,12.6953125
1691552256396.375,-16.6015625,-47.8515625,-37.59765625,-19.04296875
1691552256443.25,-30.76171875,-35.15625,-37.109375,-25.87890625
1691552256490.125,-37.59765625,-38.0859375,-34.66796875,-20.5078125
1691552256537,-20.99609375,-28.3203125,-37.109375,-36.1328125
1691552256583.875,-30.2734375,-33.69140625,-16.6015625,-9.765625
1691552256630.75,-39.55078125,-52.734375,-31.25,-41.015625
1691552256677.625,-29.296875,-43.45703125,-27.34375,-32.2265625
1691552256724.5,-36.62109375,-2.9296875,-16.6015625,-29.296875
1691552256771.375,-30.2734375,-39.0625,-24.4140625,-39.0625
1691552256818.25,-58.10546875,-34.1796875,-37.59765625,-39.0625
1691552256865.125,-234.375,-78.125,968.26171875,-173.828125
1691552256912,-147.4609375,-45.41015625,968.26171875,-117.1875
1691552256958.875,-4.39453125,-65.91796875,231.93359375,-20.01953125
1691552257005.75,28.80859375,-39.55078125,-428.7109375,24.90234375
1691552257052.625,24.90234375,-30.76171875,-381.8359375,21.484375
1691552257099.5,0.9765625,-30.76171875,-409.1796875,12.20703125
1691552257146.375,-7.8125,-34.1796875,-479.98046875,-4.39453125
1691552257193.25,-20.99609375,-23.4375,-397.94921875,-8.30078125
1691552257240.125,-17.578125,-27.34375,-260.7421875,-27.83203125
1691552257287,-17.08984375,-39.0625,-229.4921875,-5.859375
1691552257333.875,-7.32421875,-14.16015625,-220.703125,-15.625
1691552257380.75,-21.484375,-24.4140625,-171.38671875,-14.16015625
1691552257427.625,-29.296875,-36.1328125,-32.71484375,-26.3671875
1691552257474.5,-23.92578125,-26.85546875,-44.43359375,4.8828125
1691552257521.375,-30.76171875,-36.1328125,-28.3203125,-26.85546875
1691552257568.25,-32.71484375,-33.203125,-34.1796875,-34.66796875
1691552257615.125,-55.6640625,-50.29296875,-34.66796875,-28.3203125
1691552257662,-41.9921875,-32.2265625,-28.80859375,-56.15234375
1691552257708.875,-35.15625,-27.34375,-7.8125,-40.0390625
1691552257755.75,-48.828125,-51.26953125,-31.25,-49.8046875
1691552257802.625,-37.59765625,-42.48046875,-54.19921875,-38.57421875
1691552257849.5,-35.15625,-29.296875,-35.64453125,-38.0859375
1691552257896.375,-35.64453125,-41.015625,-41.9921875,-41.9921875
1691552257943.25,-36.1328125,-23.4375,-32.2265625,-22.4609375
1691552257990.125,-43.9453125,-37.109375,-25.390625,-27.83203125
1691552258037,-35.64453125,-26.3671875,-31.73828125,-31.73828125
1691552258083.875,-42.48046875,-29.78515625,-24.90234375,-39.55078125
1691552258130.75,-33.69140625,-34.1796875,-11.71875,-35.64453125
1691552258177.625,-27.34375,-35.15625,-15.625,-27.34375
1691552258224.5,-34.1796875,-30.2734375,-41.50390625,-29.78515625
1691552258271.375,-38.57421875,-21.97265625,-25.390625,-27.34375
1691552258318.25,-46.38671875,-24.90234375,-26.85546875,-42.96875
1691552258365.125,-27.34375,-28.80859375,-9.27734375,-19.53125
1691552258412,-36.62109375,-42.48046875,-19.53125,-23.92578125
1691552258458.875,-31.25,-19.53125,-21.484375,-31.25
1691552258505.75,-35.64453125,-26.3671875,-20.99609375,-43.45703125
1691552258552.625,-34.1796875,-32.2265625,-26.3671875,-41.9921875
1691552258599.5,-29.296875,-28.80859375,-27.83203125,-38.57421875
1691552258646.375,-32.71484375,-39.55078125,-21.97265625,-38.57421875
1691552258693.25,-41.50390625,-36.62109375,-19.04296875,-31.25
1691552258740.125,-48.828125,-32.71484375,-31.73828125,-43.9453125
1691552258787,-32.2265625,-15.625,-20.5078125,-35.15625
1691552258833.875,-40.52734375,-33.203125,-26.3671875,-42.96875
1691552258880.75,-24.90234375,-34.1796875,-29.78515625,-46.875
1691552258927.625,-45.41015625,-38.0859375,-23.4375,-43.9453125
1691552258974.5,-25.390625,-41.9921875,-25.390625,-41.50390625
1691552259021.375,-32.71484375,-25.87890625,-21.97265625,-36.62109375
1691552259068.25,-28.80859375,-37.59765625,-17.578125,-48.828125
1691552259115.125,-27.83203125,-30.76171875,-35.15625,-49.31640625
1691552259162,-69.3359375,-30.2734375,-25.87890625,-91.796875
1691552259208.875,-27.34375,-34.66796875,-32.71484375,-62.98828125
1691552259255.75,-39.0625,-31.73828125,-22.4609375,-52.734375
1691552259302.625,-24.4140625,-21.97265625,-18.06640625,-49.8046875
1691552259349.5,-32.2265625,-21.484375,-38.0859375,-57.6171875
1691552259396.375,-16.6015625,-29.296875,-36.62109375,-36.62109375
1691552259443.25,-21.97265625,-35.15625,-38.57421875,-26.85546875
1691552259490.125,-38.57421875,-42.48046875,-23.4375,-23.92578125
1691552259537,-41.50390625,-27.34375,-31.73828125,-33.203125
1691552259583.875,-27.34375,-23.4375,-10.7421875,-1.46484375
1691552259630.75,-41.50390625,-32.71484375,-31.73828125,-34.66796875
1691552259677.625,-42.96875,-29.296875,-12.6953125,-20.99609375
1691552259724.5,-46.875,-33.203125,-30.76171875,-49.31640625
1691552259771.375,-36.62109375,-29.78515625,-30.2734375,-42.48046875
1691552259818.25,-19.04296875,-33.69140625,-35.64453125,-27.83203125
1691552259865.125,-35.15625,-45.41015625,-28.3203125,-28.80859375
1691552259912,-40.52734375,-32.2265625,-32.71484375,-40.0390625
1691552259958.875,-41.015625,-24.90234375,-10.7421875,-25.87890625
1691552260005.75,-36.62109375,-28.80859375,-27.83203125,-28.3203125
1691552260052.625,-29.78515625,-27.34375,-18.5546875,-31.25
1691552260099.5,-38.0859375,-28.3203125,-25.87890625,-38.57421875
1691552260146.375,-29.78515625,-39.0625,-29.296875,-44.921875
1691552260193.25,-42.48046875,-37.59765625,-27.83203125,-37.59765625
1691552260240.125,-34.1796875,-26.3671875,-26.85546875,-27.34375
1691552260287,-31.73828125,-17.08984375,-16.6015625,-31.25
1691552260333.875,-49.31640625,-24.4140625,-32.2265625,-54.19921875
1691552260380.75,-40.0390625,-27.83203125,-26.3671875,-25.390625
1691552260427.625,-17.08984375,-16.11328125,-27.34375,-14.16015625
1691552260474.5,-29.78515625,-35.64453125,-30.76171875,-29.78515625
1691552260521.375,-40.52734375,-34.66796875,-52.734375,-42.96875
1691552260568.25,-44.43359375,-39.55078125,-31.73828125,-31.73828125
1691552260615.125,-39.0625,-27.34375,-37.109375,-28.80859375
1691552260662,-36.62109375,-33.203125,-40.0390625,-48.828125
1691552260708.875,-52.734375,-31.25,-41.015625,-56.15234375
1691552260755.75,-31.73828125,-33.203125,-35.64453125,-29.296875
1691552260802.625,-41.50390625,-27.83203125,-29.78515625,-47.36328125
1691552260849.5,-28.3203125,-49.8046875,-30.76171875,-26.3671875
1691552260896.375,-45.8984375,-47.8515625,-33.69140625,-35.64453125
1691552260943.25,-20.5078125,-15.13671875,-43.45703125,-41.9921875
1691552260990.125,-64.453125,-34.66796875,-35.64453125,-30.76171875
1691552261037,-41.50390625,-36.1328125,-47.8515625,-55.6640625
1691552261083.875,-39.0625,-39.55078125,-45.41015625,-36.62109375
1691552261130.75,-25.87890625,-41.50390625,-43.45703125,-38.57421875
1691552261177.625,-53.7109375,-37.59765625,-38.57421875,-47.8515625
1691552261224.5,-45.41015625,-36.1328125,-39.55078125,-34.66796875
1691552261271.375,-30.76171875,-28.80859375,-42.48046875,-43.9453125
1691552261318.25,-42.48046875,-51.26953125,-31.25,-28.3203125
1691552261365.125,-46.875,-45.8984375,-36.62109375,-38.0859375
1691552261412,-26.85546875,-22.94921875,-18.06640625,-21.97265625
1691552261458.875,-30.2734375,-38.0859375,-31.25,-35.15625
1691552261505.75,-26.3671875,-32.71484375,-28.3203125,-27.83203125
1691552261552.625,-46.38671875,-44.43359375,-16.6015625,-33.203125
1691552261599.5,-47.8515625,-26.85546875,-24.4140625,-18.5546875
1691552261646.375,-26.85546875,-34.66796875,-24.4140625,-12.6953125
1691552261693.25,-46.38671875,-45.41015625,-31.25,-30.76171875
1691552261740.125,-43.45703125,-41.9921875,-24.90234375,-19.53125
1691552261787,-39.55078125,-36.62109375,-36.62109375,-28.3203125
1691552261833.875,-21.484375,-28.80859375,-28.80859375,-31.73828125
1691552261880.75,-24.4140625,-18.5546875,-33.203125,-26.85546875
1691552261927.625,-21.97265625,-35.15625,-22.4609375,-31.25
1691552261974.5,-55.6640625,-27.34375,-21.97265625,-49.8046875
1691552262021.375,-38.57421875,-32.2265625,-31.25,-45.8984375
1691552262068.25,-52.24609375,-45.41015625,-29.78515625,-46.38671875
1691552262115.125,-22.4609375,-27.34375,-29.296875,-26.3671875
1691552262162,-30.76171875,-23.4375,-9.765625,-24.90234375
1691552262208.875,-47.36328125,-38.0859375,-26.85546875,-33.69140625
1691552262255.75,-44.43359375,-39.0625,-31.73828125,-42.96875
1691552262302.625,-65.91796875,-40.52734375,-34.1796875,-42.96875
1691552262349.5,-48.828125,-25.390625,-34.1796875,-28.3203125
1691552262396.375,-46.875,-31.73828125,-26.3671875,-43.9453125
1691552262443.25,-26.3671875,-26.3671875,-28.3203125,-43.45703125
1691552262490.125,-41.50390625,-25.390625,-44.921875,-55.6640625
1691552262537,-23.4375,-25.390625,-31.25,-30.76171875
1691552262583.875,-45.8984375,-38.57421875,-31.73828125,-34.1796875
1691552262630.75,-25.390625,-23.4375,-20.01953125,-29.78515625
1691552262677.625,-38.57421875,-34.66796875,-20.5078125,-35.64453125
1691552262724.5,-41.015625,-32.2265625,-29.78515625,-36.62109375
1691552262771.375,-38.0859375,-20.01953125,-14.6484375,-30.2734375
1691552262818.25,-33.203125,-24.90234375,-23.4375,-14.16015625
1691552262865.125,-21.484375,-33.203125,-17.08984375,-30.2734375
1691552262912,-26.3671875,-24.90234375,-22.4609375,-30.76171875
1691552262958.875,-9.765625,-23.4375,-26.3671875,-26.3671875
1691552263005.75,-33.69140625,-20.01953125,-25.390625,-22.4609375
1691552263052.625,-42.96875,-37.59765625,-43.45703125,-58.59375
1691552263099.5,-20.01953125,-33.69140625,-38.57421875,-41.50390625
1691552263146.375,-15.13671875,-50.29296875,-41.9921875,-36.1328125
1691552263193.25,-18.06640625,-28.80859375,-24.4140625,-21.97265625
1691552263240.125,-38.0859375,-37.109375,-32.71484375,-28.80859375
1691552263287,-27.83203125,-30.2734375,-27.34375,-31.73828125
1691552263333.875,-31.25,-34.1796875,-30.2734375,-26.3671875
1691552263380.75,-32.71484375,-32.2265625,-22.94921875,-26.85546875
1691552263427.625,-25.390625,-16.11328125,-20.01953125,-36.62109375
1691552263474.5,-31.25,-28.3203125,-23.92578125,-42.96875
1691552263521.375,-42.96875,-23.4375,-19.04296875,-39.0625
1691552263568.25,-19.04296875,-23.4375,-9.27734375,-25.390625
1691552263615.125,-26.3671875,-21.484375,-1.953125,-15.625
1691552263662,-28.80859375,-36.62109375,-18.5546875,-35.64453125
1691552263708.875,-18.06640625,-28.3203125,-20.99609375,-24.4140625
1691552263755.75,-40.52734375,-26.85546875,-20.01953125,-28.3203125
1691552263802.625,-42.96875,-20.99609375,-20.5078125,-30.2734375
1691552263849.5,-42.48046875,-40.52734375,-26.85546875,-30.2734375
1691552263896.375,-1.46484375,-44.921875,-32.71484375,3.41796875
1691552263943.25,-132.32421875,-45.41015625,-6.34765625,-100.09765625
1691552263990.125,-96.6796875,-48.33984375,-3.41796875,-77.63671875
1691552264037,-39.55078125,-45.41015625,-34.1796875,-30.2734375
1691552264083.875,-18.06640625,-33.69140625,-35.15625,-30.2734375
1691552264130.75,-34.66796875,-32.71484375,-29.78515625,-30.76171875
1691552264177.625,-24.4140625,-39.55078125,-39.0625,-39.55078125
1691552264224.5,-33.69140625,-36.1328125,-33.203125,-29.78515625
1691552264271.375,-43.9453125,-42.96875,-34.1796875,-38.0859375
1691552264318.25,-42.48046875,-37.109375,-38.0859375,-30.76171875
1691552264365.125,-45.8984375,-32.71484375,-41.50390625,-33.203125
1691552264412,-47.8515625,-45.8984375,-46.875,-43.9453125
1691552264458.875,-48.33984375,-41.50390625,-40.0390625,-52.734375
1691552264505.75,-54.6875,-40.0390625,-32.2265625,-28.3203125
1691552264552.625,-48.828125,-36.1328125,-34.1796875,-32.71484375
1691552264599.5,-36.1328125,-37.109375,-38.0859375,-44.43359375
1691552264646.375,-63.96484375,-48.828125,-41.9921875,-50.78125
1691552264693.25,-47.36328125,-50.78125,-41.015625,-35.64453125
1691552264740.125,-46.38671875,-41.9921875,-41.9921875,-46.875
1691552264787,-20.5078125,-36.1328125,-45.8984375,-19.04296875
1691552264833.875,-30.76171875,-30.2734375,-41.015625,-36.1328125
1691552264880.75,-26.3671875,-31.73828125,-34.66796875,-25.390625
1691552264927.625,-40.52734375,-46.875,-35.15625,-39.0625
1691552264974.5,-37.109375,-31.73828125,-32.71484375,-35.15625
1691552265021.375,-28.3203125,-29.296875,-39.55078125,-45.41015625
1691552265068.25,-41.50390625,-38.0859375,-26.3671875,-36.1328125
1691552265115.125,-31.73828125,-35.15625,-28.3203125,-32.2265625
1691552265162,-30.2734375,-18.5546875,-26.3671875,-16.11328125
1691552265208.875,-35.64453125,-32.71484375,-25.390625,-21.484375
1691552265255.75,-32.2265625,-26.85546875,-39.55078125,-39.0625
1691552265302.625,-27.34375,-41.015625,-29.296875,-27.83203125
1691552265349.5,-34.1796875,-36.1328125,-25.87890625,-29.296875
1691552265396.375,-30.2734375,-25.390625,-12.20703125,-18.5546875
1691552265443.25,-31.73828125,-42.96875,-31.73828125,-31.25
1691552265490.125,-39.0625,-35.64453125,-31.25,-40.52734375
1691552265537,-17.08984375,-29.296875,-18.5546875,-26.85546875
1691552265583.875,-28.3203125,-24.90234375,-24.4140625,-34.1796875
1691552265630.75,-34.1796875,-44.43359375,-36.1328125,-42.48046875
1691552265677.625,-31.25,-36.62109375,-26.85546875,-32.71484375
1691552265724.5,-26.3671875,-34.66796875,-19.04296875,-34.1796875
1691552265771.375,-20.99609375,-10.25390625,-4.8828125,-20.5078125
1691552265818.25,-20.5078125,-25.87890625,-11.23046875,-29.78515625
1691552265865.125,-29.296875,-50.29296875,-7.8125,-27.83203125
1691552265912,-36.62109375,-37.59765625,-20.99609375,-24.4140625
1691552265958.875,-36.1328125,-27.34375,-31.73828125,-25.390625
1691552266005.75,-41.015625,-33.203125,-20.5078125,-42.48046875
1691552266052.625,-40.0390625,-32.71484375,-16.11328125,-32.71484375
1691552266099.5,-26.85546875,-32.2265625,-20.01953125,-26.85546875
1691552266146.375,-42.96875,-34.1796875,-18.5546875,-32.2265625
1691552266193.25,-25.87890625,-31.73828125,-35.15625,-33.203125
1691552266240.125,-41.50390625,-29.78515625,-25.390625,-40.52734375
1691552266287,-36.62109375,-32.71484375,-20.01953125,-43.9453125
1691552266333.875,-38.0859375,-31.25,-106.93359375,-34.1796875
1691552266380.75,-28.3203125,-36.62109375,-57.6171875,-35.15625
1691552266427.625,-43.9453125,-30.2734375,-33.203125,-29.296875
1691552266474.5,-23.4375,-22.94921875,-27.83203125,-18.5546875
1691552266521.375,-31.73828125,-34.1796875,-31.25,-40.0390625
1691552266568.25,-44.43359375,-36.62109375,-29.78515625,-37.59765625
1691552266615.125,-36.62109375,-32.71484375,-39.0625,-47.8515625
1691552266662,-43.9453125,-42.96875,-34.66796875,-44.921875
1691552266708.875,-43.9453125,-34.66796875,-31.73828125,-42.96875
1691552266755.75,-54.19921875,-43.45703125,-12.20703125,-39.55078125
1691552266802.625,-25.390625,-24.90234375,-13.18359375,-21.97265625
1691552266849.5,-40.52734375,-43.9453125,-23.4375,-28.3203125
1691552266896.375,-40.0390625,-34.1796875,-30.2734375,-38.0859375
1691552266943.25,-31.25,-49.31640625,-26.3671875,-31.25
1691552266990.125,-39.55078125,-47.8515625,-42.48046875,-57.6171875
1691552267037,-36.62109375,-34.66796875,-27.34375,-38.57421875
1691552267083.875,-44.43359375,-42.96875,-18.5546875,-33.69140625
1691552267130.75,-40.52734375,-28.80859375,-29.296875,-34.66796875
1691552267177.625,-23.92578125,-32.2265625,-30.2734375,-20.5078125
1691552267224.5,-34.66796875,-34.66796875,-37.109375,-36.62109375
1691552267271.375,-42.48046875,-15.625,-23.4375,-36.1328125
1691552267318.25,-30.76171875,-23.4375,-20.99609375,-30.76171875
1691552267365.125,-19.53125,-20.99609375,-9.27734375,-14.6484375
1691552267412,-29.78515625,-35.64453125,-19.04296875,-31.25
1691552267458.875,-77.1484375,-35.15625,-25.87890625,-72.75390625
1691552267505.75,-91.796875,-16.11328125,-36.1328125,-94.7265625
1691552267552.625,-44.921875,-39.55078125,-39.0625,-52.734375
1691552267599.5,-40.52734375,-38.0859375,-40.0390625,-40.52734375
1691552267646.375,-23.4375,-25.390625,-38.57421875,-31.73828125
1691552267693.25,-19.53125,-36.1328125,-22.94921875,-20.01953125
1691552267740.125,-35.64453125,-26.85546875,-23.92578125,-29.78515625
1691552267787,-44.921875,-47.8515625,-33.69140625,-52.24609375
1691552267833.875,-44.43359375,-34.66796875,-36.1328125,-54.19921875
1691552267880.75,-45.8984375,-47.36328125,-29.78515625,-35.15625
1691552267927.625,-35.15625,-44.43359375,-27.34375,-35.64453125
1691552267974.5,-41.9921875,-27.34375,-30.2734375,-46.38671875
1691552268021.375,-31.25,-19.53125,-19.53125,-28.3203125
1691552268068.25,-41.015625,-39.0625,-28.80859375,-46.38671875
1691552268115.125,-37.109375,-31.25,10.7421875,-49.8046875
1691552268162,-45.8984375,-35.15625,-19.53125,-43.9453125
1691552268208.875,-24.4140625,-19.53125,-17.08984375,-20.01953125
1691552268255.75,-29.296875,-17.08984375,-28.3203125,-41.015625
1691552268302.625,-32.2265625,-29.78515625,-26.3671875,-28.80859375
1691552268349.5,-34.66796875,-30.76171875,-30.76171875,-31.73828125
1691552268396.375,-30.76171875,-26.85546875,-31.73828125,-26.3671875
1691552268443.25,-41.9921875,-43.9453125,-35.15625,-57.6171875
1691552268490.125,-44.43359375,-24.90234375,-30.2734375,-33.69140625
1691552268537,-42.96875,-39.55078125,-25.87890625,-39.0625
1691552268583.875,-47.36328125,-30.76171875,-39.55078125,-27.34375
1691552268630.75,-32.2265625,-25.390625,-38.0859375,-39.55078125
1691552268677.625,-50.29296875,-40.52734375,-39.55078125,-37.109375
1691552268724.5,-40.52734375,-41.50390625,-30.2734375,-39.0625
1691552268771.375,-49.31640625,-36.1328125,-27.34375,-39.55078125
1691552268818.25,-25.390625,-34.1796875,-29.78515625,-36.1328125
1691552268865.125,-54.19921875,-39.0625,-27.83203125,-39.55078125
1691552268912,-24.4140625,-22.94921875,-76.171875,-27.83203125
1691552268958.875,-46.38671875,-27.83203125,-45.8984375,-22.4609375
1691552269005.75,-36.62109375,-36.62109375,-3.41796875,-27.34375
1691552269052.625,-31.73828125,-20.01953125,-9.27734375,-42.96875
1691552269099.5,-46.875,-39.55078125,-22.4609375,-25.390625
1691552269146.375,-17.08984375,-25.87890625,-20.99609375,-32.2265625
1691552269193.25,-24.4140625,-25.87890625,-22.94921875,-29.78515625
1691552269240.125,-41.50390625,-40.52734375,-24.4140625,-37.109375
1691552269287,-41.50390625,-35.15625,-38.57421875,-43.45703125
1691552269333.875,-17.08984375,-13.18359375,-26.85546875,-29.296875
1691552269380.75,-29.296875,-36.62109375,-27.34375,-47.8515625
1691552269427.625,-46.38671875,-38.57421875,-28.3203125,-32.71484375
1691552269474.5,-45.41015625,-37.109375,-22.94921875,-37.109375
1691552269521.375,-37.109375,-22.94921875,-17.578125,-34.1796875
1691552269568.25,-31.25,-24.4140625,-32.2265625,-27.83203125
1691552269615.125,-32.71484375,-32.2265625,-36.1328125,-25.390625
1691552269662,-28.3203125,-36.1328125,-30.2734375,-27.83203125
1691552269708.875,-25.87890625,-26.85546875,-32.2265625,-31.25
1691552269755.75,-42.48046875,-41.9921875,-35.64453125,-41.015625
1691552269802.625,-23.4375,-23.4375,-29.78515625,-28.3203125
1691552269849.5,-35.15625,-13.18359375,-32.2265625,-41.015625
1691552269896.375,-32.71484375,-35.15625,-18.5546875,-21.97265625
1691552269943.25,-6.8359375,-31.25,-27.83203125,-27.83203125
1691552269990.125,-45.41015625,-44.921875,-27.34375,-39.55078125
1691552270037,-5.37109375,-8.7890625,-25.390625,-22.4609375
1691552270083.875,-29.296875,-39.55078125,-20.01953125,-13.18359375
1691552270130.75,-7.8125,-31.73828125,-22.4609375,-8.7890625
1691552270177.625,-14.16015625,-31.73828125,-17.578125,-25.390625
1691552270224.5,-21.97265625,-21.484375,-17.08984375,-21.97265625
1691552270271.375,-36.1328125,-25.390625,-27.83203125,-38.0859375
1691552270318.25,-42.96875,-30.2734375,-15.625,-34.1796875
1691552270365.125,-48.828125,-39.0625,-30.2734375,-45.8984375
1691552270412,-34.1796875,-21.97265625,-27.34375,-21.97265625
1691552270458.875,-21.484375,-17.578125,-24.4140625,-29.296875
1691552270505.75,-44.921875,-37.109375,-39.55078125,-36.1328125
1691552270552.625,-25.87890625,-18.5546875,-41.015625,-43.45703125
1691552270599.5,-42.48046875,-33.69140625,-43.9453125,-39.55078125
1691552270646.375,-32.71484375,-30.76171875,-40.52734375,-44.921875
1691552270693.25,-34.1796875,-41.015625,-30.76171875,-50.78125
1691552270740.125,-20.99609375,-35.64453125,-33.203125,-32.71484375
1691552270787,-21.484375,-30.2734375,-36.62109375,-30.76171875
1691552270833.875,-52.734375,-35.15625,-42.48046875,-43.9453125
1691552270880.75,-40.52734375,-26.3671875,-39.55078125,-31.73828125
1691552270927.625,-38.0859375,-30.76171875,-36.1328125,-42.48046875
1691552270974.5,-23.4375,-23.4375,-30.2734375,-24.4140625
1691552271021.375,-32.2265625,-38.0859375,-39.0625,-36.1328125
1691552271068.25,-42.48046875,-29.78515625,-33.203125,-54.19921875
1691552271115.125,-104.98046875,-11.23046875,-27.83203125,-103.02734375
1691552271162,-163.57421875,-2.44140625,-10.25390625,-161.1328125
1691552271208.875,-58.59375,-42.96875,-43.45703125,-59.5703125
1691552271255.75,-20.01953125,-56.15234375,-60.546875,0.48828125
1691552271302.625,3.90625,-57.12890625,-52.734375,12.6953125
1691552271349.5,-11.71875,-41.50390625,-48.828125,-10.25390625
1691552271396.375,-24.4140625,-52.24609375,-37.109375,-12.6953125
1691552271443.25,-35.15625,-40.52734375,-43.9453125,-48.828125
1691552271490.125,-43.9453125,-41.015625,-36.62109375,-16.11328125
1691552271537,-28.80859375,-43.9453125,-39.55078125,-38.57421875
1691552271583.875,-28.80859375,-25.87890625,-34.66796875,-36.62109375
1691552271630.75,-29.296875,-31.25,-40.52734375,-36.62109375
1691552271677.625,-37.59765625,-40.0390625,-36.62109375,-34.1796875
1691552271724.5,-27.34375,-42.48046875,-39.55078125,-27.34375
1691552271771.375,-28.80859375,-25.87890625,-25.390625,-24.4140625
1691552271818.25,-41.9921875,-22.4609375,-30.76171875,-33.69140625
1691552271865.125,-60.546875,-33.203125,-25.87890625,-58.59375
1691552271912,-31.25,-25.390625,-31.73828125,-37.109375
1691552271958.875,-9.765625,-30.2734375,-26.85546875,-33.69140625
1691552272005.75,-29.296875,-29.78515625,-41.9921875,-32.2265625
1691552272052.625,-45.41015625,-26.85546875,-22.94921875,-53.22265625
1691552272099.5,-38.0859375,-31.73828125,-17.578125,-35.64453125
1691552272146.375,-42.48046875,-37.59765625,-22.4609375,-33.69140625
1691552272193.25,-55.17578125,-42.96875,-18.06640625,-47.36328125
1691552272240.125,-21.97265625,-28.3203125,-21.484375,-21.97265625
1691552272287,-19.53125,-17.578125,-22.94921875,-18.5546875
1691552272333.875,-39.55078125,-35.15625,-31.25,-29.296875
1691552272380.75,-32.71484375,-32.2265625,-35.64453125,-38.0859375
1691552272427.625,-35.15625,-29.296875,-23.92578125,-33.69140625
1691552272474.5,-38.0859375,-39.55078125,-26.3671875,-30.76171875
1691552272521.375,-26.85546875,-29.78515625,-30.76171875,-36.1328125
1691552272568.25,-41.9921875,-30.76171875,-30.2734375,-38.57421875
1691552272615.125,-25.390625,-20.99609375,-32.71484375,-39.55078125
1691552272662,-25.87890625,-29.78515625,-31.25,-34.1796875
1691552272708.875,-25.390625,-29.296875,-28.3203125,-38.0859375
1691552272755.75,-47.36328125,-41.015625,-23.92578125,-36.62109375
1691552272802.625,-35.15625,-29.296875,-21.97265625,-22.94921875
1691552272849.5,-34.66796875,-20.01953125,-26.85546875,-24.4140625
1691552272896.375,-29.78515625,-37.109375,-23.4375,-26.85546875
1691552272943.25,-23.4375,-34.66796875,-20.5078125,-21.484375
1691552272990.125,-21.97265625,-39.0625,-36.1328125,-37.59765625
1691552273037,-27.83203125,-27.34375,-81.54296875,-25.87890625
1691552273083.875,-32.2265625,-25.390625,-56.640625,-44.921875
1691552273130.75,-36.1328125,-20.5078125,-48.828125,-39.0625
1691552273177.625,-50.29296875,-47.36328125,-45.41015625,-45.8984375
1691552273224.5,-22.94921875,-23.4375,-32.2265625,-33.69140625
1691552273271.375,-40.0390625,-43.9453125,-42.96875,-36.62109375
1691552273318.25,-35.64453125,-27.83203125,-34.66796875,-43.9453125
1691552273365.125,-38.0859375,-43.45703125,-33.69140625,-43.9453125
1691552273412,-46.875,-38.0859375,-24.90234375,-28.80859375
1691552273458.875,-39.0625,-38.0859375,-32.71484375,-32.2265625
1691552273505.75,-28.80859375,-36.62109375,-34.66796875,-31.25
1691552273552.625,-33.203125,-25.87890625,-32.2265625,-21.484375
1691552273599.5,-34.1796875,-35.15625,-35.15625,-22.4609375
1691552273646.375,-31.25,-42.48046875,-28.3203125,-31.25
1691552273693.25,-35.64453125,-37.109375,-34.66796875,-41.015625
1691552273740.125,-45.41015625,-31.73828125,-30.2734375,-41.015625
1691552273787,-27.83203125,-22.4609375,-35.15625,-41.015625
1691552273833.875,-39.55078125,-39.55078125,-32.2265625,-42.96875
1691552273880.75,-30.76171875,-39.55078125,-32.71484375,-34.1796875
1691552273927.625,-38.0859375,-33.203125,-36.62109375,-36.1328125
1691552273974.5,-33.203125,-36.1328125,-37.109375,-35.15625
1691552274021.375,-30.2734375,-38.0859375,-32.2265625,-30.2734375
1691552274068.25,-37.109375,-32.2265625,-38.57421875,-48.33984375
1691552274115.125,-33.69140625,-38.0859375,-29.78515625,-46.38671875
1691552274162,-28.3203125,-36.1328125,-24.4140625,-25.390625
1691552274208.875,-44.43359375,-29.296875,-30.76171875,-16.6015625
1691552274255.75,-19.53125,-18.06640625,-38.0859375,-24.90234375
1691552274302.625,-36.62109375,-29.78515625,-30.2734375,-26.85546875
1691552274349.5,-36.62109375,-32.2265625,-32.2265625,-30.76171875
1691552274396.375,-25.87890625,-20.99609375,-26.3671875,-27.34375
1691552274443.25,-39.0625,-41.9921875,-41.015625,-43.9453125
1691552274490.125,-38.57421875,-23.4375,-24.4140625,-38.57421875
1691552274537,-34.66796875,-35.64453125,-27.83203125,-35.15625
1691552274583.875,-35.64453125,-34.1796875,-36.1328125,-43.9453125
1691552274630.75,-39.0625,-42.48046875,-43.9453125,-48.828125
1691552274677.625,4.8828125,-25.390625,-45.41015625,-31.25
1691552274724.5,-20.5078125,-43.45703125,-35.64453125,-38.0859375
1691552274771.375,-18.5546875,-35.15625,-32.2265625,-24.90234375
1691552274818.25,-69.82421875,-5.859375,-18.06640625,-101.07421875
1691552274865.125,-129.39453125,20.01953125,-20.01953125,-123.53515625
1691552274912,-36.62109375,-42.48046875,-21.484375,-23.4375
1691552274958.875,12.6953125,-57.12890625,-36.1328125,6.8359375
1691552275005.75,-6.8359375,-47.36328125,-31.73828125,-11.23046875
1691552275052.625,-20.01953125,-45.8984375,-29.78515625,-19.04296875
1691552275099.5,-36.62109375,-33.69140625,-25.390625,-12.20703125
1691552275146.375,-12.20703125,-37.59765625,-24.90234375,-14.6484375
1691552275193.25,-33.203125,-39.0625,-19.04296875,-20.01953125
1691552275240.125,-28.3203125,-47.8515625,-30.2734375,-18.06640625
1691552275287,-61.5234375,-27.34375,-29.296875,-37.109375
1691552275333.875,-24.90234375,-30.2734375,-28.3203125,-30.76171875
1691552275380.75,-41.9921875,-22.4609375,-27.34375,-46.875
1691552275427.625,-41.015625,-26.85546875,-29.78515625,-34.66796875
1691552275474.5,-33.69140625,-32.71484375,-25.87890625,-33.69140625
1691552275521.375,-44.921875,-32.71484375,-27.83203125,-37.59765625
1691552275568.25,-51.7578125,-32.2265625,-25.87890625,-47.36328125
1691552275615.125,-35.64453125,-18.06640625,-16.11328125,-26.3671875
1691552275662,-32.2265625,-35.15625,-33.203125,-23.92578125
1691552275708.875,-44.921875,-48.33984375,-34.1796875,-36.1328125
1691552275755.75,-5.37109375,-0.48828125,-47.36328125,-13.18359375
1691552275802.625,-44.43359375,-34.66796875,-34.66796875,-38.0859375
1691552275849.5,-46.875,-30.76171875,-45.41015625,-42.96875
1691552275896.375,-28.3203125,-40.0390625,-35.64453125,-33.69140625